path,text,gender,age,tid
audio/73f3f0a27bdd4812a86d423752df5508.wav,үй,F,6,880955341
audio/c873d0fa2dda4e1d8fa2747840a16aeb.wav,қызыл қалам,F,6,437022506
audio/1aea38fa10c44d2b8f58b424c11c12f5.wav,мысық,M,3,861805370
audio/e966365db9074ac591acc459e91b1ab7.wav,бүлдіршін,F,4,903866601
audio/9c43b83de1894675a62b3d8e86863d34.wav,сары банан,F,9,744399526
audio/27c27036a80b4a4795ae0cc81bed4b97.wav,семей,F,4,493587583
audio/515539b5f40f488c83f2ae1d6906ee95.wav,жер,F,11,824861922
audio/66d6a8b389044206b5abdbf145b4910e.wav,кішкентай торғай,F,9,744399526
audio/8a4b4b63321d4fd7bcbb7bd7496cf010.wav,орман,M,3,445095942
audio/dd529000c4d9481498434e1fa5f19145.wav,алмұрт,F,6,880955341
audio/09bda9274f1a4950b5044ad25ce2dd56.wav,ала күшік,M,5,1370845092
audio/3e8aa2c2a94345f5b6fb70997a1a52b6.wav,бес,F,7,744399526
audio/8f2bc5fa775e4b2d9d3381ae685acd3c.wav,апа,M,3,187960820
audio/3e9b273795074b1a9bd1156a01de90e6.wav,ата,F,6,437022506
audio/8eb5b70adbcb489daef7ec3c58c47d2d.wav,алма,F,3,5430120672
audio/63a8658d4d5d462881e066b9e0086b9d.wav,шанышқы,F,6,114489766
audio/38292d2199bc491b814c344a912fc668.wav,дүкеннен таза су әкелді,F,7,744399526
audio/0c338f8e894f47679522a1f8ecf791c3.wav,қарағанды,M,3,445095942
audio/b940cc21df1443bfa54d8b133ab7c8a7.wav,қасқыр,M,5,744399526
audio/8b5a18e2cd30446599b4d78c471881e4.wav,жеміс жидек,F,5,744399526
audio/9a9e1ddbb3b44b76a51b062e14cc6aaf.wav,жиеншар,M,3,187960820
audio/3dfe536da25841aca8d893036a3e5c18.wav,әдемі қуыршақ,F,6,437022506
audio/f85f090e51f643e587375efc41ce5d6f.wav,қаражидек,M,5,744399526
audio/1bc6e4936c594ec4bee47e13cd1615f4.wav,итмұрын,F,9,744399526
audio/634879f531984a5389502b1d2108b0cb.wav,кішкентай торғай,F,6,437022506
audio/9220951050804bd89c9e2af089282a1c.wav,жиеншар,M,5,744399526
audio/ed34845490dd41a78d96f965b828f5c0.wav,ана,F,2,6449219476
audio/63a4aaaf625c4dada209f8307f2ddde8.wav,орам жапырақ,M,3,187960820
audio/4821ef6689a64ea6ab9d58db4887bb9e.wav,ата,F,6,880955341
audio/af51624c093149c79171f50e2b88d52b.wav,ата,M,3,187960820
audio/a59bb74a41ff4d66aee14b21ef8f1cb7.wav,орал қаласы,F,6,114489766
audio/01ce0003a28d490cae2ece36e21dc672.wav,семей,M,5,744399526
audio/c6f3becf899c4365b3d46e42c7128b0e.wav,орман,F,2,1104143660
audio/bfd2179390d54a34be63db085aec01dd.wav,сары банан,F,6,114489766
audio/475701ac2f8745fc9a63d10584e947ca.wav,орманда неше түрлі жидектер өседі,F,7,744399526
audio/d5743895ee5f42ed87da2fadd0490065.wav,жеміс жидек,F,9,744399526
audio/73ad842f6ed64589b6cc4414f5e38017.wav,қызылкүрең,F,6,437022506
audio/cb34ad11d26b4168bdfb1837bb9e0265.wav,қасқыр,F,7,744399526
audio/8adc4efbc3174bfa86b3bfebec398de8.wav,домалақ шар,F,6,880955341
audio/e0b9831d58b246afb1d9f72061b79d55.wav,ана,F,6,437022506
audio/97e1dfe1ede44835ad13573abb2d46e2.wav,күн,F,5,744399526
audio/6c216e0fed4642b7916aa1fb25de5aea.wav,қызылкүрең,F,9,744399526
audio/1124fe44368841d4a39c49f1bae075ca.wav,жұмсақ мысық,F,6,880955341
audio/86ad3618c1e34635a81d9eb27b8a07b2.wav,қобдиша,F,7,744399526
audio/e1bebe34fad74ee7a3b0d343e635e8a4.wav,орман,F,4,903866601
audio/1bd8b06fc241475aa3aa4133b0e10f44.wav,жұмсақ мысық,F,6,114489766
audio/8de60bb6a1734ea1a6bd5ec4ade9e804.wav,жұмсақ мысық,F,6,437022506
audio/8e04db64d6d543a58babe4c82bb60e2f.wav,орам жапырақ,F,5,744399526
audio/645c1d8c1ccf4e0aab3b21cb93b68045.wav,үшарал,F,6,880955341
audio/b31a4920e63642ed87eca7f18cfa9cd1.wav,қобдиша,M,8,744399526
audio/69220d8ece5949c48234f2a0dd4fc74d.wav,орман,M,8,744399526
audio/a9531e44e82d4b598a5f8ade86999818.wav,қияр,M,4,1370845092
audio/1822125d700c43f1849cff22dc9cb279.wav,жабайы жануар,F,6,437022506
audio/1c2eb228977a4d9ea94be0e19861c476.wav,орам жапырақ,M,5,744399526
audio/e271ad03be3744d594ab79372c9e7508.wav,жабайы жануарлар зоосаябақты ұнатпайды,F,7,744399526
audio/16826dd6b4cf46299305184fee1f4118.wav,мысық,M,5,948041055
audio/3c12f701557a4b5d9072daacc46b2694.wav,құмырсқа,M,3,445095942
audio/51b99518d61f4cbab54bb2d6ceaf6c5f.wav,ақ аю,F,7,744399526
audio/eea8a8a470014f92b3fc9ecd996aa3b7.wav,достар  күшікпен серуендеуге шықты,M,8,744399526
audio/8abe878257d54acbba24e5490ee4a4f9.wav,бес,F,2,1104143660
audio/1745666d6e8943a98d9b00ec4c87cc81.wav,түлкі,M,4,1370845092
audio/76e3e7af06f840b88587d4f4ff0d7430.wav,орал қаласы,F,6,437022506
audio/7a65d37e21ea46809279828b4c8822a2.wav,бақша,M,3,187960820
audio/c8daaea521ed44e1b4073573dd3134ec.wav,жаз мезгілі,M,5,1370845092
audio/42dad109cf8a41ab8672ba4107ee29c3.wav,дом,F,5,744399526
audio/17f4e203b03e4c8eb731f1b6341662f5.wav,орам жапырақ,F,6,880955341
audio/1e230e4855c04fcb87ead623837e2455.wav,орам жапырақ,F,7,744399526
audio/36ccd97b7dce4e80b35dc3bab748a6be.wav,жер,F,4,493587583
audio/73c5f27ba8eb4068a5d738cff8041494.wav,қаражидек,F,6,437022506
audio/af61be0d91f84073867220206b359db9.wav,жер,F,3,5620231132
audio/070189d84f364314ac931809692a788b.wav,сәуле,F,6,437022506
audio/a011f0794e4a458398879fefe07e51fa.wav,алма,M,3,861805370
audio/6f4a280d30604a59886c493ef837bd5b.wav,қараңғы,F,6,880955341
audio/08735a44dec84615bd39a0614350298b.wav,күн,F,6,880955341
audio/0b90a44ad641457296d173f66d603774.wav,орман,M,5,355699324
audio/a26fd6d48f584cc9a4cc7b58acbd5d81.wav,шанышқы,M,8,744399526
audio/2b6e857ec91c4e3082e83b1bf3f24124.wav,алмұрт,F,3,5620231132
audio/c2ea10b3763e487d8dfd4773a5ac5e9f.wav,жылан,F,6,114489766
audio/e24deeefa61641a9ace18df54a65f323.wav,жол,M,5,355699324
audio/6f4ccde8301c4bfcadbe94f4e32a6428.wav,орал қаласы,M,5,1370845092
audio/68d8d9dfd6bd4a1daae6bae5e5a178aa.wav,үй,M,5,355699324
audio/367ded7411834b3ca4e7c621a427a5b3.wav,ата,F,2,1104143660
audio/f0b19434faeb4080868d823e8a08a9fa.wav,жол,F,5,744399526
audio/2a1186713af144dbbdb3eb6a9d7a4db3.wav,күн,F,2,6449219476
audio/8127e97a4e8349eebca4f27110312041.wav,алмұрт,M,5,1370845092
audio/e4d1bf311f744311b34d356a9e5e9df2.wav,үй,M,3,445095942
audio/929740f5a0e74cd79101e658d0002249.wav,қарағанды,F,2,1104143660
audio/968eaf63a74b4c45bb0105fbec0ee69c.wav,жабайы жануар,M,8,744399526
audio/ba851d2a6e844b0ea3cda0a6df6fe5a5.wav,жол,M,3,187960820
audio/c40ff39904cb4856af7f8183c35cdd6f.wav,әке,F,6,880955341
audio/85676455f8554ae4b9ec2c56d2473ac2.wav,өсімдік,M,5,948041055
audio/c9a2258f42a24e7b8a6e4c925fbff792.wav,домалақ шар,M,8,744399526
audio/84b2d7afad454385bccbb409bf66bb22.wav,ит,F,2,1104143660
audio/c3cbd2c2ff414d56b9f3d26981ebb969.wav,мектеп пен үйдің арасы ұзақ екен,F,9,744399526
audio/faf220e3fc3c4c4793a559f933204778.wav,үй,F,5,744399526
audio/2923cc23eb1b49bebe6d72c716a15930.wav,қарағанды,F,6,437022506
audio/1d07bbec00fc4a5db7f40295bf78b583.wav,күн,F,7,744399526
audio/1d65077911b540279f2539eb5ffb5790.wav,әдемі қуыршақ,M,8,744399526
audio/6b854b42a6c04a6d86db944f0bd1be1d.wav,қараңғы,M,8,744399526
audio/7c4593a29a2d4c00a2907883f434a559.wav,ақ аю,M,8,744399526
audio/7a4af0cda3644d229664a069b3a99287.wav,жасыл қияр,F,7,744399526
audio/a5518a6ab53b480ab8c1e8652e888faf.wav,бес,F,9,744399526
audio/e3893a6407b84bbf91fe1712963575be.wav,семей,F,6,437022506
audio/2eaa87c0b4fd4734b846426669d0258d.wav,семей,F,6,880955341
audio/0fc01053efd2492fa5dbec151feee891.wav,жылан,M,5,948041055
audio/7eed90fd488d4319a7d4a1975bc1de30.wav,қияр,F,9,744399526
audio/34a48703f7ee4832af87fe9f930c624b.wav,сексен сегіз,M,4,1370845092
audio/74fa13624a4a48fc826969cf2fbc62f7.wav,алты,M,3,861805370
audio/eb67c41fd4a04d9899100372591a6ede.wav,жұмсақ мысық,F,9,744399526
audio/46d73bbd918243dbb7aa328e511c5535.wav,топырақ,F,6,437022506
audio/170df31a29ca4f84bd2acc8e5cacf161.wav,ағаш,F,6,437022506
audio/052066cea2964553b1f94dcfce993635.wav,аспанда алты торғай ұшып жүр,F,9,744399526
audio/ccfbf0de8cd44ee4985b2b65a2ef2dd0.wav,ағаш,M,8,744399526
audio/551c0a0675294e6cac024a96a7d03340.wav,бүлдіршін,M,8,744399526
audio/77d0a27a29cb4d8bad5785f1c9029789.wav,ана,F,9,744399526
audio/1cbab600db4249448ef77cbf5cf75e16.wav,демалысқа он үш күн берді,F,9,744399526
audio/19ba178ff5744bc08e716e2e60a1e0b1.wav,тәтті қызанақ,F,7,744399526
audio/c645eb3106ed469db684f85dd3edabc5.wav,түлкі,M,3,187960820
audio/9ac63adc8d0e472d9ecf27ad050d3f7d.wav,үйшік,M,5,948041055
audio/0ac39b4a84854a74813e1308cc2a27ba.wav,анасы қызына әдемі қуыршақ әперді,M,8,744399526
audio/a0d398a00c0e4eb891c53ef29c9d52ae.wav,ағаш,F,3,5430120672
audio/fb51f68f94224e6d85a11ce710689354.wav,домалақ шар,F,9,744399526
audio/b3d26260f0a74769908f83950cc5f61d.wav,құмырсқа,F,7,744399526
audio/21f46c428d174d3cb35182d1a302add8.wav,семей,M,8,744399526
audio/385c10815a024db3b1e06b4275822ba7.wav,қасқыр,F,6,437022506
audio/a711bde475db4022af68a6ca7ea25191.wav,алма,M,5,1370845092
audio/f4bc30da4bed4cf59669033879d2cbc3.wav,жол,M,4,1370845092
audio/2011cf15602d4db9bfc8d825624982a1.wav,қызыл алма ағашта өсіп тұр,F,9,744399526
audio/24b3f98dc62f45889c9642bef9385cac.wav,күн,F,2,979437052
audio/27466990d1d14c7fbd10a59cdb35e2be.wav,әкесі жолдан үйіне оралды,F,7,744399526
audio/fc6d27f0974e4f82a257611d8a6ecd5b.wav,орманда неше түрлі жидектер өседі,M,8,744399526
audio/034303aaaea745658126b337f177fe07.wav,ағаш,M,4,1370845092
audio/8321b405dfd3496abfa707d77f853a78.wav,ата бізді жазда ауылда күтеді,M,8,744399526
audio/57d7ccdaa3564f8eb3a301eeb9066f8e.wav,жиеншар,F,4,903866601
audio/9426c201ab4e443da4d941f18dd34486.wav,қызанақ,F,6,880955341
audio/9397c011f68646e48143880c140428f5.wav,орман,F,9,744399526
audio/80668ebf54914002ad6e30a04da58f85.wav,қызылкүрең,F,6,880955341
audio/e6c66121888d4e179ded354385f19fc7.wav,үшарал,F,9,744399526
audio/1de7cc05acfd4884a3fa5751ad3e49d6.wav,апа,F,3,5620231132
audio/f6f73dc5cebe41a4b04d1ecb00e03f5d.wav,жиеншар,F,9,744399526
audio/cc2c85f8d1804d71b2f020c0042376c7.wav,тәтті қызанақ,M,5,1370845092
audio/88b148334bb9408d93a00292d92148ee.wav,шанышқы,F,6,437022506
audio/97a644ed27fb4f76bc52f83ab4745330.wav,қарағанды,F,6,114489766
audio/325915256b9e4c6aa3164584331b0999.wav,ата,M,8,744399526
audio/2413e6f39b0b461bbd57fd6751f23d65.wav,қол,F,6,114489766
audio/8d003216694e459685ce3c43a79549d6.wav,қараңғы,F,7,744399526
audio/f889d627e9bd4abb88e29eb43491313f.wav,ала күшік,F,9,744399526
audio/23a323ef280249168806ecefe5d544cb.wav,аспанда алты торғай ұшып жүр,M,8,744399526
audio/876226cc5b5e4631bc583b9b420dcf14.wav,ата бізді жазда ауылда күтеді,F,7,744399526
audio/2fe1f27d595a45958257f71b789f6d09.wav,әке,M,3,187960820
audio/8fe5fdc48f534c4dbcbe78744cfb6c4a.wav,алмұрт,M,5,744399526
audio/6ea56946eafa45308975269dac11cfc8.wav,үйшік,M,3,187960820
audio/ed1f473a51b84654bb360c8a369763e6.wav,жабайы жануарлар зоосаябақты ұнатпайды,F,5,744399526
audio/100bd0fe0ea74289a454828e331cefc9.wav,жол,M,5,744399526
audio/c55fa9a7f2fe442c93577549239698d4.wav,алма,M,3,445095942
audio/6ba1f606d8b4432a85fb1e3e487d098a.wav,домалақ шар,F,7,744399526
audio/09c71f8070524defb2ff4e3f155c68de.wav,ата,M,4,1370845092
audio/c4e04445e3a44d4a90ca1ab40001a3ca.wav,қасқыр,M,3,187960820
audio/f7523b51758b409a896cc110223d3fff.wav,үй,M,4,1370845092
audio/948c4d3c2a834fdb92dc7db94b81bbdb.wav,ақ аю,F,9,744399526
audio/475c4ab6cb3648768515fa26374ba911.wav,түлкі,M,3,445095942
audio/15df51f16a104064980f313a0afa003a.wav,тәтті алмұрт,F,9,744399526
audio/e965ccf9498343828c361695995a38eb.wav,жазда барлық көкөністер піседі,F,7,744399526
audio/38bbd584fa8c4c2d99d13e59dd63f52f.wav,қараңғы,M,3,187960820
audio/f74b3ede8dfc4a729ae3fef9cacc9bbe.wav,қияр,F,6,437022506
audio/04213e296b96435580c2c236332a1551.wav,тәтті алмұрт,F,6,437022506
audio/03a827a04f76479ab967e61ce12607ef.wav,ағаш,F,4,903866601
audio/83cce2062acd45708756f7ab20209526.wav,шанышқы,F,4,903866601
audio/5ef1c287248a42a4bc02991f81f06be1.wav,жер,M,5,1370845092
audio/6c3fd4419c484d1194b4499ad0fe412f.wav,орман,F,5,744399526
audio/09592c8bd62a48278ca7a85be9d68a29.wav,алмұрт,F,9,744399526
audio/15ff96d9683244eebcbb2c81adc7b896.wav,қараңғы,F,9,744399526
audio/2ec12701a971481794f118f0d8758cc0.wav,ит,F,4,903866601
audio/7db24b8ac4334978ac8c1e063064417f.wav,қаражидек,F,2,1104143660
audio/15daa2a206254bf5bdad646fa88cc9cf.wav,ағаш,F,5,744399526
audio/4d22deadcdbe4560a1403a0cc7286d9c.wav,туған күнге бес шар сыйлады,M,8,744399526
audio/06b9211b1e27495c86d5751f75d73a84.wav,қызылкүрең,M,5,744399526
audio/10d43a119ff048579e075845a6c82e07.wav,қобдиша,M,5,744399526
audio/c559807c6f5e438fa5eccde4e1d026db.wav,ағаш,F,4,493587583
audio/7ffc3da6b6c5450ab5c6672ad2c5fb83.wav,ана,F,6,880955341
audio/7380cd2cb8d34a22afc2bcfa96ec9b34.wav,қырыққабат,M,3,445095942
audio/96223d892caf4a52b70e6fc149ed3a60.wav,құмырсқа,F,5,744399526
audio/e0893be6a9c54feca5078eed7185918a.wav,қызыл қалам,F,9,744399526
audio/85123443f20a48b8810936f3d4654e86.wav,қасқыр,M,8,744399526
audio/1e69b066a4b548829c06bdb07639052c.wav,бес,M,8,744399526
audio/60cd7851ee89438c8ee7ea51a279aaff.wav,қобдиша,F,6,880955341
audio/ca52f009df684a9487cf07a53fd9210e.wav,түлкі,F,7,744399526
audio/9612e93d177d403db11cb6f76e6e47f0.wav,қызыл қалам,F,5,744399526
audio/f763529e611045eea2d89b2a957c7ca9.wav,қобдиша,F,6,114489766
audio/d1f6a75d354e4177a88c926931c5af2e.wav,қол,F,6,437022506
audio/063523ed59554a62b0489200bcc0c26c.wav,ала күшік,M,5,744399526
audio/50b5418ae24d467086039a2ff684da2f.wav,тәтті қызанақ,F,6,880955341
audio/1efdc5a8769941758162ade10ae4cf41.wav,демалысқа он үш күн берді,F,7,744399526
audio/909ce2116a9b4951b144a70b44c7bc24.wav,қияр,F,4,903866601
audio/e00187e368af4ef58635c74e683a94ab.wav,қоян,M,5,948041055
audio/b4d7821e6ceb42b28c930ebdbe857b62.wav,семей,F,9,744399526
audio/ef2232a3c6ec49ae9474839f3fc48fa6.wav,қасқыр,F,5,744399526
audio/e24d9bcf6ece4f98a99e4ae0068af64e.wav,әке,M,3,861805370
audio/a622be571e6f449482e2d0709674c801.wav,қызылкүрең,M,8,744399526
audio/69fcbc8f915a4933b1e0053b17e14a75.wav,үй,F,6,437022506
audio/1e2b7bfd2a0f498c93ac57d04e7a6f0c.wav,қобдиша,F,9,744399526
audio/cdef3dc8a7d04334b3b919d1b7302ff8.wav,ала күшік,F,7,744399526
audio/834671b9e26c4cb99ea8a6c0ea84f9c3.wav,күн,M,4,1370845092
audio/b925e60d411f40eea0e24e966e839556.wav,жиеншар,F,7,744399526
audio/edf16689eae64e1a9d8a6542c4fde7ff.wav,құмырсқа,F,4,903866601
audio/b9a8bd0ae76047a182eeffec4eb15355.wav,алма,F,2,6449219476
audio/88e6c9f69c8e424fa6e312ced3717ecf.wav,жиеншар,M,3,445095942
audio/ca6456db03df47e49332cc3632a422d8.wav,шие,F,6,114489766
audio/c0d01feeccc1445c9ee7b362dc9121e6.wav,алмұрт,F,6,437022506
audio/e4bcb41e2aa740ab92c601a57ab6208c.wav,алма,M,5,355699324
audio/ab39ec239e6e4efa99c0acd651d6e414.wav,қоян,F,6,437022506
audio/b17615c258924eedb7a03778259183dc.wav,бүлдіршін,F,9,744399526
audio/f7073f49063545a3bce613f72582ab10.wav,жер,F,2,6449219476
audio/639aa7c72dd64c6c86be14f15b7debe7.wav,қасқыр,M,3,445095942
audio/0112faa545d143baa4a6f5ed1ece7a09.wav,қоян,F,6,114489766
audio/98b5b0f6905f417cab08e4270a0c6c1c.wav,алма,F,7,744399526
audio/dc370ea393d44b189e922ca8778e8669.wav,орал қаласы,F,9,744399526
audio/37db4c013d08427d8f64f310e7ec2c36.wav,қырыққабат,F,5,744399526
audio/2ced04d952f1478a8bd90c896f78bd74.wav,шие,M,3,187960820
audio/4d9d861b7613464395f1258fce46bdd7.wav,үй,F,4,493587583
audio/2b31ee3d2b424ee486c89e31dce6ce18.wav,кішкентай торғай,M,5,744399526
audio/d65cd508908d4417a38bd6b3a282606b.wav,үшарал,M,4,1370845092
audio/699251fb93c04548be16a9f2520e3537.wav,мысық,F,6,880955341
audio/45363a1f18df4ae6bbb95a7863729f62.wav,дом,F,7,744399526
audio/1f695bd7c448426bb7329c9c91629a3f.wav,құмырсқа,F,9,744399526
audio/886f4da6eb9e410fb8853412c1440b88.wav,орман,F,6,437022506
audio/d3bbea1e8f524a6a9008180e6929f018.wav,алмұрт,M,3,187960820
audio/f368b85c2e794f009e1296717e7e7e2f.wav,жұмсақ мысық,M,5,744399526
audio/0c32d1cf2f504a1a82bc7857c32255ce.wav,тәтті қызанақ,F,9,744399526
audio/06dc39cbb67f4dc384bd2f648ac56cd7.wav,ата,F,5,744399526
audio/cef23a3da7904806be2439d3fb6cf3ef.wav,алмұрт,M,3,445095942
audio/26a84079e5994b0cb0467ed4a9ab48e8.wav,алма,F,6,880955341
audio/4a2d45eb8ff344488e30627d303018f4.wav,орман,M,5,744399526
audio/3fd946209d1a41eba3d290e44125eb76.wav,үй,F,7,744399526
audio/21466e9e024346f89fd107816a775891.wav,орам жапырақ,F,2,1104143660
audio/7bd7934bf3464defaac2065bc6147cb8.wav,қырыққабат,M,8,744399526
audio/df692c56ccfb4c048553b36a07a72539.wav,ағаш,F,2,6449219476
audio/e8a0129049354905b16fbb098fb6dd78.wav,сексен сегіз,F,7,744399526
audio/276ac8aa2924489db992c53235e7e646.wav,кішкентай торғай,F,7,744399526
audio/366f72104ecd4b2db1d7661f3776fc66.wav,жабайы жануар,F,6,114489766
audio/bf0a6e6303ad484389643e38fff3aecb.wav,ана,M,3,187960820
audio/250fa75de7ab4934b1f0346eb9a38415.wav,орманда неше түрлі жидектер өседі,F,9,744399526
audio/32bda95d090a4c16b52be41416482bfa.wav,бес,F,4,903866601
audio/193937bac7f947a08dc815f542fefaa9.wav,сәуле,F,6,880955341
audio/fb42546fe4a5452fb977f8954ba9af25.wav,қияр,F,7,744399526
audio/546a9a4a0e0a41b7b9562a571b96b3fb.wav,өсімдік,F,6,437022506
audio/91c77e518fd7418dbbb54a2752161b6d.wav,үй,F,2,1104143660
audio/f2cce512bfa74b26960fec4f072fa599.wav,күн,F,4,493587583
audio/d4540f06ec5442c085a44091bc7cfa35.wav,күн,F,3,5430120672
audio/a721c441a5f04ecea80cd554df50094b.wav,итмұрын,F,7,744399526
audio/5132f96df8284de7b34edf24625b2bfb.wav,бес,M,3,187960820
audio/aac06d0ad5bd419eaefb166e3a0b936e.wav,ана,M,5,744399526
audio/dcd6920175a04b60a90cbe1fc24b710a.wav,қырыққабат,F,6,437022506
audio/b1722e5f8fb74073808794f879a4ebb6.wav,жабайы жануар,F,9,744399526
audio/41ff47d161f64f6db9efece7d615bf84.wav,жабайы жануарлар зоосаябақты ұнатпайды,F,6,880955341
audio/af3d7d5230b9409b842ac3ba6b384f50.wav,бақша,F,6,437022506
audio/672f0b14a04e4fb0849920e2143a22e3.wav,ағаш,F,2,979437052
audio/f67b88c6d0d440cfaf5bad44690276b2.wav,жасыл қияр,F,6,880955341
audio/add26c9c3f8b4a4b8b5cda0d6ee044f4.wav,әдемі қуыршақ,F,6,114489766
audio/b63b17d4dfb24a74980c06466473b60a.wav,сары банан,F,7,744399526
audio/f113c899f9b14e12b01ab41664496fd6.wav,апа,F,11,918484924
audio/ac1b41d5750d42d788216b6f7f1afcd5.wav,көктемде ағаштар бүршік жарады,F,9,744399526
audio/a825c39a586b489ab7997e76be271999.wav,итмұрын,F,6,437022506
audio/a9c83d92eb32427c91e22d88c74d35c2.wav,ағаш,M,3,187960820
audio/581010eb35c84145b5baa392e42472d4.wav,сары банан,M,5,1370845092
audio/91659265151e42a2adb2300d1441d19b.wav,үшарал,F,6,437022506
audio/a5e99a3a806b4c2fab9e878fff244e6e.wav,жер,M,3,445095942
audio/a046b282190a462180ec25982ba46855.wav,күн,M,5,744399526
audio/3921433456bd4ca0ae91cb38acbdd01f.wav,қарағанды,M,8,744399526
audio/22f7eba3353c4f40922de59886b451fb.wav,үшарал,F,4,903866601
audio/d21840df3efe4312a1e62ff0b4f33441.wav,күн,F,9,744399526
audio/a7acdbe1ba094a0291d200f104d7a5bc.wav,бүгін алматыда күн ыстық болып тұр,F,7,744399526
audio/70f5a7e8ef20481980faf58ad105b48b.wav,күн,M,3,861805370
audio/5f6af553917744b583ea3c713ca04ff7.wav,ағаш,M,5,355699324
audio/f50b4c6e5fc0457d80eb5ae428168eaa.wav,жол,F,2,1104143660
audio/e2ae27cc02f34b3da0f131686515f8e4.wav,әке,F,3,5620231132
audio/dd6a6dd9f2184d06b63c5f366068954a.wav,жол,F,6,880955341
audio/12d6bbe051224abeaceb983371c25688.wav,қарағанды,F,9,744399526
audio/c709b8a810e04a96ba73e866aedcbf6b.wav,шанышқы,M,5,744399526
audio/46bbd924226e48d6a9e15fb34ce8d80c.wav,сексен сегіз,F,6,437022506
audio/38f355b615f44444b6c18548d214bc93.wav,жабайы жануар,F,7,744399526
audio/f71b91f67d2844d0a198be3fa7666262.wav,итмұрын,F,5,744399526
audio/0af6ccc66d9842b599ba25504ac6e2b8.wav,анасы қызына әдемі қуыршақ әперді,F,7,744399526
audio/92a7ffce2f7a44598e12236953df4c1f.wav,түлкі,F,4,493587583
audio/3ab0c7e417114d3e9bc7caa977997f7f.wav,қаражидек,F,9,744399526
audio/b483cd50a8fa41aca8eba1b389345566.wav,ана,M,8,744399526
audio/3f56a231c4e14e2b9b1180c0ec38c9c5.wav,итмұрын,M,3,445095942
audio/28c6548c8dc048429ab8605300a5c7c0.wav,сары банан,M,8,744399526
audio/ce0f48d47f834cceae76a8643b210c0f.wav,жаз мезгілі,F,6,437022506
audio/b104cf7c675f417394dd23337b192d1a.wav,кішкентай торғай,F,6,880955341
audio/f48cb0fde3fa456ab803b1e58307e438.wav,қаражидек,F,6,880955341
audio/9d1c105a523048d2ab9756568bf377da.wav,қобдиша,F,5,744399526
audio/61ae59d962f2446c981455742f4ed89c.wav,ақ аю,F,5,744399526
audio/35e55aca05dc461bae42c22c948690f3.wav,қасқыр,F,4,903866601
audio/9d2bed794d0b4a5a947edc6275ca0979.wav,бүлдіршін,F,7,744399526
audio/e76b76dc657346b9a50bede4dee1856b.wav,қызылкүрең,F,5,744399526
audio/3a94f8f5689d4d099b06f334d9baee3c.wav,алма,F,4,493587583
audio/fd4ca9a802044d21a02a4471d0a4c092.wav,бүлдіршін,F,2,1104143660
audio/72dd65f69d774cae9f6e45bfa27f81a6.wav,қызыл қалам,F,7,744399526
audio/9b8f4d46651047a6b262a27e0c4ccee0.wav,шанышқы,F,7,744399526
audio/ecc76754424048ba8e5b9afd94793541.wav,алмұрт,F,5,744399526
audio/1064b3ed767642e989e758f2c189f2e0.wav,семей,F,2,1104143660
audio/2a2e783387fa4c5291b2e8e637fcee29.wav,жиеншар,M,8,744399526
audio/5aea84ff23f64e66a00c4a55043cd754.wav,ала күшік,F,6,114489766
audio/f242d18c79f8444b84b895e500d33596.wav,жер,F,2,979437052
audio/34e98d25262042d6b0d2c94dad152ebf.wav,шабдалы,M,5,948041055
audio/d9c0da4e891b4d67a9f42c14fd96ed4c.wav,қараңғы,F,6,437022506
audio/01825e9ec60d48a988d3fa634dcb0b7c.wav,мысық,F,6,114489766
audio/12b8e3ed051240b38d8aee0930cbf422.wav,тәтті қызанақ,M,5,744399526
audio/1855a620937741908e585fa756f885f0.wav,ит,M,5,744399526
audio/dbf4ad6ef66246b2aaaad0d8090877ed.wav,көктемде ағаштар бүршік жарады,F,7,744399526
audio/63548076ec60460484d58e6d823154a9.wav,сексен сегіз,M,3,187960820
audio/ee3745691e3c4306b7a728143bced121.wav,үй,F,4,903866601
audio/81f88c3511a24b4785f11e0b7ae93b2e.wav,домалақ шар,F,5,744399526
audio/1f0cb541e2b147a896700034601643b9.wav,жұмсақ мысық,F,7,744399526
audio/b36eedbc381b432890c4e47d9dac4973.wav,сексен сегіз,F,6,880955341
audio/f6e6b8d9a934443699f020af52e428ec.wav,жер,F,3,5430120672
audio/946efc359c7548fb8f5166e004049467.wav,итмұрын,F,6,880955341
audio/b56f544564504030b00a4bffa4e2d766.wav,ала күшік,F,6,880955341
audio/d80d77421c45449e8da582f10aea9b2f.wav,орман,M,3,187960820
audio/65a959c587284ecead4507d19f42b0b7.wav,итмұрын,F,2,1104143660
audio/ec051462dbed4b85a50c58a649ed5e53.wav,орман,M,3,861805370
audio/46d89d90c3db42298bda71f20da07d8f.wav,жабайы жануарлар зоосаябақты ұнатпайды,F,9,744399526
audio/6f9e02a9e13e4f8382297de732b64b8a.wav,жабайы жануар,M,5,1370845092
audio/4db5880df5b045bf8e303bce562ccc4f.wav,ала күшік,M,8,744399526
audio/7a5ec423ac7e4876826ecffd09726af5.wav,қырыққабат,F,7,744399526
audio/6edd6d8f5e584fae9952a7298eb0472d.wav,апа,F,6,880955341
audio/c9936b3b730b4878a216b2bb050d1dad.wav,қараңғы,M,5,744399526
audio/845ee98b18cd40719e7f815cbc5962c0.wav,тәтті алмұрт,M,5,744399526
audio/dfe7a0fc84cb46309e426a42c74ae132.wav,әке,M,5,948041055
audio/b58b923dfeb843789a63789cbf17aff0.wav,жасыл қияр,M,5,1370845092
audio/e123deb199994ff0add0283f24d1e50b.wav,ата,M,5,744399526
audio/9315e46d7f31497da95b2ed9e5ada049.wav,қасқыр,F,2,1104143660
audio/a5d749d104a14ecaa23cc77ab0cf09f0.wav,жер,F,6,437022506
audio/49324bb01e454e8496c476768bb42fb3.wav,алма,F,6,437022506
audio/404e075060294cc88f8bf1df07065a5c.wav,ақ аю,M,5,1370845092
audio/ed765e58514f47c4893f02b0849f78ee.wav,алма,M,3,5895301721
audio/0b6ac087ed634c46b6b4e9caf8e76094.wav,қырыққабат,M,5,744399526
audio/61b831922805431c8b2dba181c54c43d.wav,жұмсақ мысық,F,5,744399526
audio/ce9b735a159d41eebb1291eadac357a3.wav,жұмсақ мысық,M,8,744399526
audio/9d2c106410a64d8f849a6b0d10c51d12.wav,қызанақ,M,3,187960820
audio/31be817735c44bbc9549022607babb8c.wav,алты,F,6,114489766
audio/ce47683440384903b08172743472f713.wav,үй,F,9,744399526
audio/35a1b380600e401bbf8fb9e8b41f3c7f.wav,әке,F,6,114489766
audio/2472a0bfad0c416282fb353401bfca03.wav,алма,F,2,1104143660
audio/e2a50c457a584adf868e6d9b759f3065.wav,ақ аю,F,6,114489766
audio/2fa36b5e17a84e50a40c7fd749bc44e1.wav,күн,F,4,903866601
audio/353ab1b41fe7423d8c3300cc151370ba.wav,қол,F,6,880955341
audio/971a180cc4f946678b17bc1a666ac7f9.wav,жер,F,6,880955341
audio/e6e01f182f9145438ce46cbae26ed083.wav,жасыл қияр,F,6,114489766
audio/2cbe79d027564d7e91dc4f44bb59dc99.wav,ақ аю,M,5,744399526
audio/8ee6be2b17de43a49382c7d95506cf00.wav,қобдиша,F,4,903866601
audio/4435ee3b48234412a3ecc313c7ed41cd.wav,орам жапырақ,F,6,114489766
audio/b296da7e720541fc8895a57c83398641.wav,жер,M,4,1370845092
audio/c48736af3a1d4636b61fe353834a41cd.wav,құмырсқа,M,4,1370845092
audio/3e4b080fa5a3489db5569e13f1bc75e8.wav,көктемде ағаштар бүршік жарады,M,8,744399526
audio/575a5141d2f843f98971a439fecf77af.wav,қарағанды,M,5,744399526
audio/67b7c5630ccb460386890e51bc7ce296.wav,ата,F,4,493587583
audio/44bd9452b5784152ae843087537cd117.wav,қасқыр,M,4,1370845092
audio/6ad289038790402aabe71938704b0514.wav,орман,F,4,493587583
audio/db5e1a995b5244c4aada478b6018ce3f.wav,түлкі,F,4,903866601
audio/1c85bfd7305f4d67a1e73d67ce8b5346.wav,түлкі,M,5,1370845092
audio/89804eb31e4241c3b1a769ea97cfc504.wav,үшарал,M,5,744399526
audio/a454d07116ae48af9051b462234463a3.wav,орал қаласы,F,5,744399526
audio/441efd825e9b47519d75866ac73bb20e.wav,орам жапырақ,M,8,744399526
audio/a4e1f0b79a5541aea4f18d651cc3b1a2.wav,анасы қызына әдемі қуыршақ әперді,F,9,744399526
audio/105469b801b3454cb283a5a949310b90.wav,тәтті алмұрт,F,6,114489766
audio/39364e0323dd42fab81bf3ee2aecc23c.wav,сексен сегіз,F,9,744399526
audio/6c22c589531141e391f5ec1e5eb86dfb.wav,бақша,M,5,948041055
audio/709a1740820e4d36bf383d54ed37217f.wav,ағаш,M,5,1370845092
audio/03bbf79dc99a421ba4d1535fbe12f9cf.wav,қасқыр,F,6,880955341
audio/c82c164e1d514891b596f6cb8ffa097f.wav,үй,M,5,1370845092
audio/821ec6c1ada647bb92384f7c5701bf1e.wav,ит,M,4,1370845092
audio/8c8bcf230bd24a64b369ff8d808860f8.wav,кішкентай торғай,F,5,744399526
audio/53d4249b975e41cfa439d624035db13a.wav,бүлдіршін,F,4,493587583
audio/5356f4804a2047b6810ba42e78ba8aa8.wav,сары банан,F,6,880955341
audio/3382c76bb02a4d4aaf3d0cbd316d9e17.wav,семей,M,5,1370845092
audio/f4f45ef8b9ad43819ec8b237186a66fa.wav,ит,F,7,744399526
audio/dae7afa4551343a4b1fb89a9484e2de4.wav,ата,M,5,355699324
audio/db018102eedc4fc5a1b3ea7a40eba382.wav,әкесі жолдан үйіне оралды,M,8,744399526
audio/d2801e61f72d438ba7e4f65ce284b019.wav,алма,F,2,979437052
audio/6f0df36956a645a39e38bde8d8c68252.wav,түлкі,F,6,880955341
audio/06b687732ca9421dbd5b6de34f449436.wav,қараңғы,F,4,903866601
audio/905764f1fb484e0b908f084035cf5f81.wav,ақ аю,F,6,437022506
audio/ce5f17e029394d87a5bca977ea278c74.wav,ата,F,9,744399526
audio/390e8e1f12b94f0e844d763501e28c7f.wav,шабдалы,F,6,880955341
audio/71934275101e47b68b7c378289803eaf.wav,жасыл қияр,F,9,744399526
audio/6408e736d11541abaa1bee417ad94966.wav,алты,M,5,948041055
audio/c066dbee668943a2a927d7a8eff4d759.wav,үшарал,M,3,187960820
audio/02f2ac04463a4e38b65f169d45d9561a.wav,итмұрын,M,3,187960820
audio/d6d24bc04a0d464caf6be7ddae139e24.wav,алма,M,5,744399526
audio/ad1b8179e49e43cea19538e57074eb31.wav,қоян,M,3,187960820
audio/f4015ed494384693b768fa0be5cd5c19.wav,жаз мезгілі,F,5,744399526
audio/85be348e768d4a038ebacff24023ac08.wav,жеміс жидек,F,7,744399526
audio/29362c1a2ab54d4f8bccc60bd26e1157.wav,тәтті қызанақ,F,6,437022506
audio/deb58153bcbb4e28a88d0b39bf6e3231.wav,түлкі,M,8,744399526
audio/52a4f63720344f2394ba64b6c9400e24.wav,үйшік,F,6,880955341
audio/120834cf89d1409cbd2776e492565059.wav,ана,F,2,1104143660
audio/f8c98c4732a34915a10dfc2a53c3a792.wav,қаражидек,M,3,187960820
audio/f6e06d6cce884bb4a27e6ef771b196f4.wav,итмұрын,M,5,744399526
audio/f75365cabeb34ced9dd1cd4a5935954e.wav,жол,F,6,437022506
audio/4239d797298044618b9bf7dbc2d574e4.wav,қараңғы,F,2,1104143660
audio/17fd6ba9cff04cf5a655c7255ead4afb.wav,жер,M,5,744399526
audio/a27e62d3ef8746709ac8c1e81332a560.wav,ит,F,9,744399526
audio/09091588af3342b0a047db9dd1851cd1.wav,домалақ шар,F,6,437022506
audio/d4a2d6e2c1144488b5f526e56b64cf61.wav,түлкі,F,9,744399526
audio/7902f8ce49344206a840c145e25901e6.wav,қоян,F,6,880955341
audio/de3a58a7930947a2b0063f09ba6b9a1e.wav,дүкеннен таза су әкелді,M,8,744399526
audio/3578f9a9d4c048969436347b6f8e2b07.wav,ана,F,4,493587583
audio/645126e23fc14b5baebb322d6f5f6307.wav,домалақ шар,M,5,744399526
audio/89643785efd84912b9890b94eac77328.wav,жиеншар,F,5,744399526
audio/56470fbd552743dd9cb97dc3ee05ab87.wav,қаражидек,M,8,744399526
audio/046c0604604c4cfe828166c59a16b889.wav,жұмсақ мысық,M,5,1370845092
audio/ce0517cfab554b39aaccb5fe1a2cd2b7.wav,қияр,M,8,744399526
audio/7cc06e700d434a7e9b7c9f55903b427f.wav,алма,M,3,187960820
audio/e4b50005c32f41edb21f658c1a077316.wav,бес,F,5,744399526
audio/8362ef2d7c0647db85f051e00433283d.wav,түлкі,F,2,1104143660
audio/0084b086777d457a9cfbdea6b01556b0.wav,қараңғы,M,4,1370845092
audio/901658da7aa54796befff7a99dae8629.wav,орам жапырақ,F,4,493587583
audio/d33a9dcdf49b4ae6aa115599b90d9f36.wav,ит,M,8,744399526
audio/5c7cb04a19b341f68537a16969b62717.wav,жылан,M,3,861805370
audio/4bc70b18b378466a9d0e5636c123565d.wav,апа,F,6,114489766
audio/c1d81c2776f545598bfa1f7e343ee3ce.wav,бүлдіршін,F,6,880955341
audio/17f72083680e4b688ef978047c87c306.wav,ақ аю,F,6,880955341
audio/7c241120fb314dabb17ff2d4ffcc39a4.wav,қияр,M,5,744399526
audio/6dc07057b2a24f87a49fe243795a38f7.wav,жол,F,9,744399526
audio/7f307b3a4bf24187a7c077af981353de.wav,күн,F,6,437022506
audio/86be857c7e294c9d85b96942e7484ec7.wav,итмұрын,M,4,1370845092
audio/1ec8a5c8de8a4dc381da9c33dfb35aed.wav,қияр,F,6,880955341
audio/8d1bc43d7010476488c460c2dcbfe6a1.wav,қызыл қалам,M,5,1370845092
audio/1091a9585d1c47b38ee69373cd767eac.wav,орам жапырақ,M,4,1370845092
audio/1c4c25477f6146ab8d13ccc1e0b44740.wav,қаражидек,F,5,744399526
audio/ac780059f7eb4227a0ddc1dd62c395bb.wav,алмұрт,F,7,744399526
audio/3e84cc8464ab4e428682a75cbfd61c60.wav,мектеп пен үйдің арасы ұзақ екен,M,8,744399526
audio/eec4e74b84f044c393d968cc48a7924b.wav,орам жапырақ,F,9,744399526
audio/2648c7ed4a364f2c968f0656029500ec.wav,орал қаласы,F,6,880955341
audio/86fbe3b88c8b4b2f8fcb4cdcc7c4c9d8.wav,үшарал,M,8,744399526
audio/6ad6ff4b837d499f99a7aeed07679e6a.wav,тәтті алмұрт,F,6,880955341
audio/51e2e81ddd5c4c4585dc318a945e8ef2.wav,мысық,F,3,5620231132
audio/523929fb409942ba8b32b568994d4b9c.wav,әдемі қуыршақ,F,5,744399526
audio/27011555c45a4dc1b5bf63f9dd674c4f.wav,жол,M,5,1370845092
audio/c83b7d3c776441c19c816b62c6c58ea5.wav,жасыл қияр,M,8,744399526
audio/98327b5a231f439e9654ae6479edafbc.wav,жол,M,8,744399526
audio/e86be42e5dbc4905b863034fdc2b768f.wav,ит,F,4,493587583
audio/31a14a89eb024550a9b0eec6f4b8780e.wav,бүлдіршін,M,4,1370845092
audio/f9b55247ebac41eaa515b0dd3c1db65a.wav,үшарал,F,7,744399526
audio/dcdf7725273b4a40bb8511749e65ceb4.wav,қызыл қалам,F,6,880955341
audio/111cceec78e34f558689a0b87be71379.wav,қияр,F,2,1104143660
audio/d07861df28494ea0b649980263fb44b9.wav,сексен сегіз,F,6,114489766
audio/3eda070810f34f9abfa9664c8f84c69e.wav,жаз мезгілі,M,5,744399526
audio/85bdf37f87904dc6b90db930d239fbee.wav,алма,M,8,744399526
audio/7f64556e8eb24af99752a85077e4800e.wav,бес,M,5,744399526
audio/33cc303593034e1a9d0b77967b954ef1.wav,ағаш,F,2,1104143660
audio/24e6ea9c1eb54bd6ab43b6c10bfcfb17.wav,жер,M,3,187960820
audio/3fc4508a39784756bc92bd009ee5c2ed.wav,қызыл қалам,F,6,114489766
audio/2fefd325da57496d95ee0bbbf1b72f5d.wav,сексен сегіз,F,5,744399526
audio/21b1e5fe2bd7423d87decc6525366f9e.wav,семей,F,7,744399526
audio/0272303df5b14434b5ef6f4a1c04b061.wav,шабдалы,M,3,861805370
audio/fe1420d470504593bb558e1c56d6be78.wav,жер,F,4,903866601
audio/c60fd31511d049908a69a95dd2b52dd8.wav,дүкеннен таза су әкелді,F,9,744399526
audio/6c11029a3a31424fba0c08c06e72fb7e.wav,қызылкүрең,M,3,187960820
audio/27f7c69faae44a428ddf204f20f09a88.wav,қобдиша,M,4,1370845092
audio/66a1b97286f54fc797081e949115e7eb.wav,әдемі қуыршақ,M,5,744399526
audio/f1f4fc23dc5f4893bbae1a3e82d3e7a7.wav,күн,M,5,355699324
audio/78b58403e97a46c69bbd80cb24c6b7ca.wav,ана,F,4,903866601
audio/69c651da82114ebf89d4db0eb7b8180a.wav,әкесі жолдан үйіне оралды,F,9,744399526
audio/47b7e5bb5b6d4ed59248d0ea9dabb6ec.wav,топырақ,M,5,948041055
audio/6788443d7c594232a3b3929d9d92f814.wav,жер,F,2,1104143660
audio/d15d4cd929a740d3b4f5d1fff1fadbd7.wav,қырыққабат,M,3,187960820
audio/ac5beecfa9dc4dd9bc4a1225968196b3.wav,қол,M,3,187960820
audio/a911a4caf6234ec59ab6c05097ddbd0f.wav,түлкі,M,5,355699324
audio/2490f00e1ccd44d2a2ab3b05a56d2d88.wav,орал қаласы,M,8,744399526
audio/fcb9e1ad887646bbbe0563e0a49ab9f6.wav,бүлдіршін,M,5,744399526
audio/88248248c0c4467d899ad5f34d2e17ee.wav,апа,M,3,861805370
audio/ddf67953698d46a7be2acac450916a7e.wav,алмұрт,M,8,744399526
audio/3bb49467c8b944b4ad3a7d6b86e40fca.wav,қызылкүрең,M,4,1370845092
audio/aa160cabc1f54df2a7c88974096334c8.wav,бүлдіршін,M,3,187960820
audio/f1e6794cf39c40adb63a1cb353762921.wav,домалақ шар,M,5,1370845092
audio/0b2c725067364088a77904ce913aba34.wav,құмырсқа,F,6,437022506
audio/1002108491ee425bbf84927646c043fa.wav,жиеншар,F,2,1104143660
audio/4eaf3e977a5d43c6b471fb7a6e087f90.wav,қырыққабат,F,2,1104143660
audio/12fe54d2effa4b1490b1a8bbb5e98f68.wav,үй,M,8,744399526
audio/e4bdff2303424290af777bc7297c72d3.wav,әдемі қуыршақ,F,7,744399526
audio/2e2baaafd6b649a2b5de2835d9dbb60a.wav,қызыл қалам,M,8,744399526
audio/98ecfdebe04e4d10a5898ec7454ee3e0.wav,ана,F,7,744399526
audio/fc1c476905eb4c1f94689d2e233b7daa.wav,ана,F,5,744399526
audio/2a34466e219740b0a7f3716eac86f926.wav,құмырсқа,F,6,880955341
audio/3712e5f7379342cbaf944b38f3b59b2e.wav,ит,F,6,880955341
audio/f695f61dfb8440a682c4cc7888243c73.wav,алма,M,4,1370845092
audio/dbc9935f39b2423a8ec281a76b16b3d8.wav,сәуле,M,5,948041055
audio/68166ea2f56e4bceb276c234e3d9c273.wav,үшарал,F,6,114489766
audio/8346bc9679424cada4be6884042eae29.wav,жол,F,7,744399526
audio/5ed82244ca5f4af7b0f9b59afadc48d5.wav,қараңғы,F,5,744399526
audio/500977e8474b4be792032ca8890b695a.wav,жол,F,4,493587583
audio/9c1d9de9ce354166b806312b4c66e6e7.wav,үшарал,F,2,1104143660
audio/1290a0ad9a7e48b694410f2c99337f5d.wav,орман,F,7,744399526
audio/aa006059f22346f5a008940b1c4819cd.wav,қарағанды,F,5,744399526
audio/888b80a8d1b3428b9c250faaf90a8881.wav,түлкі,M,3,861805370
audio/fd177b348bd844da9169919d62586f02.wav,жазда барлық көкөністер піседі,F,9,744399526
audio/f7847206ded84135bd5c515a6a8f5593.wav,қарағанды,M,3,187960820
audio/b815a5aad95d4beb9262d8ab1cc6bb48.wav,сәуле,M,3,187960820
audio/238ec0ff12d94356a3dba195f6e72e28.wav,түлкі,F,2,6449219476
audio/3007e7f736ea4941a1745feed4e1ed8b.wav,орам жапырақ,F,4,903866601
audio/0e69dde7bf2d41dfa3b6e5f063d3d80d.wav,алмұрт,F,4,493587583
audio/22e0271abd2e466181dfb660f5f7ce3a.wav,жол,M,3,445095942
audio/3217e437b24b4778aa3cac797ec4228b.wav,ағаш,F,7,744399526
audio/59bbaa93d04f4638836a8d5d5b476bdf.wav,қаражидек,F,7,744399526
audio/dac9264f60d5419a89061f8fc3682cc3.wav,қызыл алма ағашта өсіп тұр,F,7,744399526
audio/02ec113606534bad9ffe992dbd3df434.wav,жер,M,3,861805370
audio/557dfb1aad9e413d8b9404988e639e38.wav,тәтті алмұрт,F,5,744399526
audio/565a7459f2b44929910611ebc3b2eb97.wav,достар  күшікпен серуендеуге шықты,F,9,744399526
audio/b772f13c7e2c4e15a1e36fe242af9da0.wav,қызанақ,M,5,948041055
audio/c4e6b13b76c24b8a8a7b5d4501728a35.wav,бес,M,4,1370845092
audio/7a8672e384cf4080909c9c32406f54bb.wav,жаз мезгілі,F,6,114489766
audio/a7cd6007af0b48209a7018b201d94714.wav,үшарал,F,5,744399526
audio/28bf5e7142ae499d8d3ebb8501403a8a.wav,туған күнге бес шар сыйлады,F,9,744399526
audio/c5c290bdbc634b9ca3232a63e23cbb49.wav,алты,F,6,880955341
audio/527963b839c94913a22c8bdf16ba7af2.wav,орам жапырақ,F,6,437022506
audio/41df61ded0b34490959fd3b422d367de.wav,тәтті алмұрт,M,5,1370845092
audio/2dbc602627c9447bab23ccdb31c7e835.wav,бақша,F,6,880955341
audio/70748cf1bd8445adaf65404cc966b404.wav,әдемі қуыршақ,F,6,880955341
audio/5bf95ef9ba1b445e86abb517c180c195.wav,сексен сегіз,F,4,903866601
audio/a6a12ea3aa78489897f1fc56e8897694.wav,туған күнге бес шар сыйлады,F,7,744399526
audio/c8db31c0fe1e4d1d89181ef76c11ca1b.wav,демалысқа он үш күн берді,M,8,744399526
audio/e4c6bfcef0224bbc9783db57f6e27f3a.wav,алма,F,9,744399526
audio/4d09cc7d56874e08ab089ebf5f16b860.wav,ата,M,5,1370845092
audio/f226392990ee49768650131a76acd8fd.wav,бес,M,5,1370845092
audio/a5564b406d0244729e50730279069607.wav,жабайы жануар,M,5,744399526
audio/6bab69b4886f4f0da93dea4c996ca212.wav,қол,M,5,948041055
audio/fb7506e8f8fa4b168caef85b70f66829.wav,күн,F,2,1104143660
audio/25453f967d0b4f4f8dc18698d0c53337.wav,қырыққабат,F,6,880955341
audio/518bc0e45f7f40d1ad4fff532e05a252.wav,шанышқы,F,4,493587583
audio/9cef4835170241cab343c1268fc7fd08.wav,шанышқы,F,5,744399526
audio/8357e2ec700f41cab4c20648042413eb.wav,ит,M,5,1370845092
audio/b105f5f229324a6f9270d60007f61d99.wav,қызыл қалам,M,5,744399526
audio/bee3779b0ab54c928336e8887108aa92.wav,шанышқы,F,6,880955341
audio/2b6eb779b82e4ea79e9e9b4b250207fe.wav,апа,M,3,5895301721
audio/f964ce8d573b4276b8d5676eff153da1.wav,қияр,M,3,187960820
audio/6c10abcb246d4f03a6eae6290749b679.wav,жабайы жануар,F,5,744399526
audio/0d2225e4741b4369bf4f44c02ba250b7.wav,орман,M,5,1370845092
audio/77b7d59023b84c218c29a93799b42697.wav,әдемі қуыршақ,M,5,1370845092
audio/c127da1e9c1644f7a9b559257977e476.wav,өсімдік,F,6,880955341
audio/dc902098724445868280afe6b729de8e.wav,жеміс жидек,F,6,880955341
audio/0efbaad7fa3d4fa89fa53de5b720a785.wav,қияр,M,5,1370845092
audio/025605adc8594df2941d5c4c1ac03232.wav,шанышқы,M,4,1370845092
audio/b67d9da8f413450c93eec9f78802018b.wav,жер,M,8,744399526
audio/122162477be04c8baa704a3bad75e9f2.wav,қобдиша,F,6,437022506
audio/14bae4c601894f90af4ce82e07bcc4f6.wav,итмұрын,F,4,903866601
audio/e44fe50abc1b40568dadb073150e913d.wav,қоян,F,3,5620231132
audio/fd8bb54e509a4cbf9f87af48f9de8f70.wav,қызанақ,M,3,861805370
audio/f0da9cf5e751498cadd28972ced311f6.wav,шанышқы,F,9,744399526
audio/1cf51025d74b40948b2b4863c63f2952.wav,жасыл қияр,F,6,437022506
audio/68d7e022cadd4f7a8a74069bc83bc465.wav,топырақ,F,6,880955341
audio/d97bacc7c4c040c293864addfe5c0172.wav,домалақ шар,F,6,114489766
audio/21ca2f2b5d5b47298892ce8597609773.wav,ана,M,5,1370845092
audio/54f0ab36434c4bfcb4d281ff23cdfc6e.wav,қарағанды,F,6,880955341
audio/cd72532a5f1f4835ae3bf6cab063afe3.wav,сексен сегіз,F,2,1104143660
audio/de6a511e321b42299388461bd62b2d5a.wav,семей,F,4,903866601
audio/84b91ede0b864b4c8c56dda127800d57.wav,жабайы жануарлар зоосаябақты ұнатпайды,M,5,744399526
audio/fcc7dde10d4f44f3933faeb47b2e909b.wav,жаз мезгілі,F,7,744399526
audio/d5a648d8f9234333ad95d4927f552580.wav,семей,M,4,1370845092
audio/e834e138f47e43aca95417c7c413082e.wav,жер,F,6,114489766
audio/09d181bb130a415d8ae8248de98476e8.wav,орал қаласы,F,7,744399526
audio/f4f394cba18344dc87ccf3e9a405ae51.wav,ата,F,7,744399526
audio/d58cfed39b2c4b4c8a2b312118697ed2.wav,қияр,F,5,744399526
audio/58ff9d4963a140c3a7290e571620f5e7.wav,бақша,F,6,114489766
audio/1deb886765f743429c9b923d66d4718e.wav,орман,F,2,6449219476
audio/3f601c3a0a1b47c3bc9ed11ae44ae4f6.wav,орал қаласы,M,5,744399526
audio/733790a7c88a4d86b25a8a9ad64a0cb6.wav,бүлдіршін,F,6,437022506
audio/e57757131fd4451f93f49fd365ab02c5.wav,топырақ,M,3,187960820
audio/842dd42cd07a429f90394b0679e2da59.wav,күн,M,3,187960820
audio/1620378db0014df4ab0283b200be6da1.wav,жер,F,9,744399526
audio/36e4ce9a5b014161880e53eadef4e1c7.wav,ата,F,4,903866601
audio/a019ea84811a4e8bb197a4ac3e56aa4e.wav,жер,F,5,744399526
audio/3d6780cb86f44f859aafcda19d38ed16.wav,үй,M,5,744399526
audio/ff03fc93871e4fab828f3f31da6219fa.wav,ит,F,5,744399526
audio/e84ec9a06a4e4891b3b053baf11b53be.wav,үй,F,2,6449219476
audio/96b95822a7604192bb6f191ce48f4aee.wav,ағаш,F,6,114489766
audio/13eeaabc6c194c51a1fa963d280c400e.wav,ала күшік,F,5,744399526
audio/41fdbce1f0be4af19826eba3dc5ffe07.wav,күн,M,5,1370845092
audio/afed644fdad9470d8c4e2f1eb018b18a.wav,жеміс жидек,F,6,437022506
audio/05597024dc2b4d9d9fc75234166baf18.wav,ит,F,6,437022506
audio/a0927b6ddb704fc7ace483149f87c398.wav,жаз мезгілі,M,8,744399526
audio/cb920d2e1db34bf295549fd36fd25ed9.wav,сексен сегіз,M,8,744399526
audio/e479f5a8652a4ffa867a0eabb9643a3a.wav,үйшік,F,6,437022506
audio/a4a57d134437417bb85bb818afbc50bd.wav,алмұрт,M,4,1370845092
audio/914bc8b9c46641aeaa0c06803b124944.wav,қарағанды,F,7,744399526
audio/87489e5be4114530bc8f8b818d488308.wav,сексен сегіз,M,3,445095942
audio/d72306bc445a4501b48e330e06a9b6a2.wav,қырыққабат,F,9,744399526
audio/fa052fde2b784ef9962e7b489aba1965.wav,алмұрт,F,4,903866601
audio/a5912a6b92094cebb61f656bae90f34f.wav,қызылкүрең,F,7,744399526
audio/e3996cc667d3436fad14c83127136235.wav,жасыл қияр,F,5,744399526
audio/6a3ac1f817c84ba8959c04086522cb09.wav,тәтті қызанақ,F,5,744399526
audio/27341637aa8545178a5667dc10365e10.wav,сексен сегіз,M,5,744399526
audio/78d6aff2d3534c8a83ab76ebd5ee366a.wav,қобдиша,F,2,1104143660
audio/ae80e1b6085e4f279a06e6e0daa30c6b.wav,күн,M,3,445095942
audio/e8e4199a27e545c482db458afe934385.wav,жабайы жануар,F,6,880955341
audio/9b194d34b0b1414388650eccf19d6a1b.wav,қарағанды,F,4,903866601
audio/2d25837c7ea642d3bbb370fa60a61f5c.wav,семей,F,5,744399526
audio/723bd1d25abf4b25a01f7b583dc5e071.wav,бүгін алматыда күн ыстық болып тұр,F,9,744399526
audio/4175958d948e4cc58cf3ace1457753ef.wav,жаз мезгілі,F,6,880955341
audio/af437f1bf5c04ae588b5f5846ccdd496.wav,алма,F,4,903866601
audio/aafc0d18e610485f92fdccb9d14dcde1.wav,жол,F,4,903866601
audio/dfd6e1506f0b4e37a6ebb264f976ad0c.wav,түлкі,F,6,437022506
audio/91a2ba6ee0854885ad006c6f7389b9e9.wav,қырыққабат,F,4,903866601
audio/f8e03925f2aa463c99663939eb5b6de9.wav,жасыл қияр,M,5,744399526
audio/9d6d9b7a2b44408a9ee3574a1c865d5b.wav,жиеншар,F,6,437022506
audio/8952740da5054078b51804388c9c5383.wav,аспанда алты торғай ұшып жүр,F,7,744399526
audio/187351eb818946c08787bb0035ceab60.wav,шие,F,6,880955341
audio/89b95fabe102448499e8afacbf547ed8.wav,кішкентай торғай,M,8,744399526
audio/0322d7c7a59b4c37805cd27326b31054.wav,сары банан,F,6,437022506
audio/77b69cbb93864514a062a3fc2df73a58.wav,қаражидек,F,4,493587583
audio/7878872070f6458fa7cea88e1ef4ceeb.wav,жеміс жидек,M,8,744399526
audio/43d2d32471b649d6b3439d91ef452b29.wav,қасқыр,F,9,744399526
audio/8e7ed7adf58a4a7db24f066b76426670.wav,бүгін алматыда күн ыстық болып тұр,M,8,744399526
audio/eebe7b86139d488b9be503d0bfaddd15.wav,жеміс жидек,M,5,744399526
audio/c0f15c49267143c489cd67edf567d327.wav,сары банан,F,5,744399526
audio/55de0104ef9948ea8efa194b61f045ac.wav,ағаш,F,9,744399526
audio/ef01eddf4a8c4f7f8d7a45b34a0ee467.wav,итмұрын,M,8,744399526
audio/5b3d43f010ce44f38ab66c72ed68d1f9.wav,шие,F,6,437022506
audio/e73131f3ccac489fb75592726422215d.wav,жазда барлық көкөністер піседі,M,8,744399526
audio/c2d354e2c40140b4b2518f42312e7112.wav,жеміс жидек,F,6,114489766
audio/b4a1e899b87349d4b16f210c02bcef26.wav,ала күшік,F,6,437022506
audio/f7b3c1cfff824e7195243058fcecf789.wav,қияр,F,4,493587583
audio/d44d1be7c6544d75879de2ca3ddcad28.wav,кішкентай торғай,M,5,1370845092
audio/38e140aea3a9492ba4a405fae072259f.wav,ағаш,F,6,880955341
audio/e2cf32e477624982aa4ccf9ccd11979c.wav,семей,M,3,187960820
audio/819e5c9144bc47c3989ddf7a2ce2a305.wav,қызылкүрең,F,4,903866601
audio/be067aed3c7d469bb07f5a8cb2c344a8.wav,тәтті алмұрт,M,8,744399526
audio/fca809f38fe24f59a38139cc8a919c5f.wav,алма,F,5,744399526
audio/5b18f73d7098464093c4b3df0c354fdd.wav,ағаш,M,3,445095942
audio/57001f921d5c4cc2a23cf20429f20b51.wav,тәтті қызанақ,M,8,744399526
audio/03744aa6f4b94ea98fb34c66d9042968.wav,жылан,F,6,880955341
audio/cd611cc6095449ecb348d9bd85bc2072.wav,жер,M,5,355699324
audio/5a2805ca0613454aa50bba1ff2d04f65.wav,шанышқы,M,3,445095942
audio/014f058c4d284997b7204383030c4e77.wav,жаз мезгілі,F,9,744399526
audio/9e12189ce6154d66ad9d4cbbf19a2831.wav,достар  күшікпен серуендеуге шықты,F,7,744399526
audio/2dac8b83ecdb46f6ac1b4a59206aafde.wav,орман,F,6,880955341
audio/51e85d0385b34d2abaf3378eec70ca7b.wav,әдемі қуыршақ,F,9,744399526
audio/5fcb1a308fec4a36a5c27a0a399ebdff.wav,тәтті алмұрт,F,7,744399526
audio/2353454967984f418ae8ce5f6e91a994.wav,сары банан,M,5,744399526
audio/017baed5e23a444a84afdf28ea365952.wav,ана,M,4,1370845092
audio/b818b8cbc7f14cde8cfe1748ac8904a8.wav,жер,F,7,744399526
audio/79f99055d8b845eca406b7a0ade5b245.wav,тәтті қызанақ,F,6,114489766
audio/19aedfb5ebb74cdc9dd9afb0f0b46159.wav,өсімдік,M,3,187960820
audio/fe162a5acfa044e98d287821c5fa16cd.wav,ит,M,3,187960820
audio/3e198b9d85bd44ab8ef5cba33fc6eb37.wav,түлкі,M,5,744399526
audio/e3ae21712e6c4b0abb799622165d1bf9.wav,бүлдіршін,F,5,744399526
audio/a51812dd68c946299f358c6c0113feca.wav,жиеншар,F,6,880955341
audio/97a2a9abf0574f4da24a6b38f4d2d1d0.wav,түлкі,F,5,744399526
audio/5d5ad8b34f2445ad86b0fe2a47397011.wav,қаражидек,M,4,1370845092
audio/7f192c9693f34672bd48308264e521ea.wav,алмұрт,F,2,1104143660
audio/50fe2f6790564218bfa44ad47b2825f9.wav,құмырсқа,M,5,744399526
audio/dabff2a0ad9140ca97dc105177d0329e.wav,ағаш,M,5,744399526
audio/b2ce4a9e59594983b76a80fd974024fb.wav,шие,M,5,948041055
audio/5cdc7119e1344e6d8ecfb69f85452595.wav,кішкентай торғай,F,6,114489766
audio/b660ee7a376e405eb83f682ffdd7ea80.wav,жер,F,4,7534741806
audio/5d3b9b97f63b4fbe92d54c9f35fa5c1b.wav,апа,M,5,948041055
audio/69de0659c540472e9a32f6bf08d85a48.wav,ата бізді жазда ауылда күтеді,F,9,744399526
audio/e2b9d85eb14d408bad0022462d97606a.wav,қызылкүрең,F,2,1104143660
audio/fabaf3798af34d8b87d8907419ca70f1.wav,үй,M,3,187960820
audio/eb08e0b200a34e0ca2c8aa172a3cb6f5.wav,қаражидек,F,4,903866601
audio/a0b702f496f54a3cb5a2dc584e3031aa.wav,бес,F,6,437022506
audio/ba1aaa4d275d43768b5000c1a71ebc67.wav,құмырсқа,M,3,187960820
audio/9d987becdbb9418ab21fc1a3e43d793e.wav,бес,F,6,880955341
audio/f8a31a396d7540af8593cfea463c56e7.wav,орман,M,4,1370845092
audio/432de6e8cb424ddabdf6d26f47b097b2.wav,бес,F,4,493587583
audio/0c8b6efeb997414a8baa8dae32c54669.wav,жабайы жануарлар зоосаябақты ұнатпайды,M,8,744399526
audio/f3e57ed03cec4f39a0c233a746d22851.wav,мектеп пен үйдің арасы ұзақ екен,F,7,744399526
